INSTRUMENT,SYMBOL,STRIKE_PR,OPTION_TYP,OPEN,HIGH,LOW,CLOSE,SETTLE_PR,CONTRACTS,VAL_INLAKH,OPEN_INT,CHG_IN_OI,TIMESTAMP,_c15,EXPIRY_DT,CLOSE_prev,OPEN_INT_prev,CHANGE_IN_LTP,CHANGE_IN_OI
FUTIDX,BANKNIFTY,0.0,XX,43152.0,43348.0,43116.95,43311.6,43311.6,84232,910482.6,2312900,6800,03-MAY-2023,,25-05-2023,43367.25,2306100,-0.1283190368307882,0.29487012705433413
FUTIDX,NIFTY,0.0,XX,18154.9,18180.0,18100.3,18149.95,18149.95,135798,1231729.9,9573200,-13900,03-MAY-2023,,25-05-2023,18213.15,9587100,-0.3470084555362374,-0.14498649226564864
FUTSTK,AARTIIND,0.0,XX,558.7,560.4,552.15,553.75,553.75,863,4080.17,3473950,45050,03-MAY-2023,,25-05-2023,559.65,3428900,-1.0542346389137849,1.3138324243926625
FUTSTK,ABB,0.0,XX,3449.45,3505.0,3423.15,3477.1,3477.1,1967,17060.81,1432000,129500,03-MAY-2023,,25-05-2023,3458.05,1302500,0.5508899107628804,9.942418426103647
FUTSTK,ABBOTINDIA,0.0,XX,22434.55,22779.75,22407.4,22728.75,22728.75,292,2646.25,68080,2080,03-MAY-2023,,25-05-2023,22499.75,66000,1.017789086545406,3.151515151515152
FUTSTK,ABCAPITAL,0.0,XX,168.45,171.25,167.6,169.95,169.95,1361,12483.1,27880200,178200,03-MAY-2023,,25-05-2023,169.05,27702000,0.5323832477002826,0.6432748538011697
FUTSTK,ABFRL,0.0,XX,226.0,228.15,223.8,225.6,225.6,2156,12660.78,21598200,-431600,03-MAY-2023,,25-05-2023,225.8,22029800,-0.08857260652753148,-1.9591644045792518
FUTSTK,ACC,0.0,XX,1769.7,1785.9,1724.95,1755.15,1755.15,4522,19847.56,3741750,13750,03-MAY-2023,,25-05-2023,1775.2,3728000,-1.1294461080047238,0.3688304721030043
FUTSTK,ADANIENT,0.0,XX,1929.05,1953.5,1792.0,1849.15,1849.15,25935,120538.31,8204750,-637250,03-MAY-2023,,25-05-2023,1929.5,8842000,-4.164290001862529,-7.207079846188645
FUTSTK,ADANIPORTS,0.0,XX,679.55,687.45,659.1,673.15,673.15,10311,43354.62,36929375,93125,03-MAY-2023,,25-05-2023,683.85,36836250,-1.5646635305802343,0.2528080355627948
FUTSTK,ALKEM,0.0,XX,3523.9,3549.3,3506.15,3541.55,3541.55,549,3878.18,610800,-25800,03-MAY-2023,,25-05-2023,3531.3,636600,0.29026137281654957,-4.0527803958529685
FUTSTK,AMBUJACEM,0.0,XX,393.05,402.75,377.05,384.95,384.95,17150,120103.29,65188800,1197000,03-MAY-2023,,25-05-2023,396.95,63991800,-3.0230506690956696,1.870552164496076
FUTSTK,APOLLOHOSP,0.0,XX,4508.25,4542.95,4500.3,4537.35,4537.35,1877,10611.14,1353125,-10000,03-MAY-2023,,25-05-2023,4518.05,1363125,0.4271819436059745,-0.7336084364970197
FUTSTK,APOLLOTYRE,0.0,XX,347.95,359.65,346.5,356.95,356.95,3600,44725.35,13706000,1386000,03-MAY-2023,,25-05-2023,348.25,12320000,2.498208817525126,11.25
FUTSTK,ASHOKLEY,0.0,XX,143.65,145.45,143.65,144.65,144.65,1363,9864.2,45385000,70000,03-MAY-2023,,25-05-2023,144.5,45315000,0.10380200448745676,0.15447423590422596
FUTSTK,ASIANPAINT,0.0,XX,2918.3,2982.5,2908.2,2946.75,2946.75,9086,53667.77,5756400,-3400,03-MAY-2023,,25-05-2023,2914.15,5759800,1.1186829349454834,-0.05902982742456335
FUTSTK,ASTRAL,0.0,XX,1490.0,1507.25,1480.6,1491.6,1491.6,2274,12472.09,1686732,-89915,03-MAY-2023,,25-05-2023,1489.85,1776647,0.11746149133651856,-5.060937822763892
FUTSTK,ATUL,0.0,XX,6579.9,6668.2,6549.55,6597.05,6597.05,1009,4999.64,244200,7350,03-MAY-2023,,25-05-2023,6586.1,236850,0.16625479219707875,3.103229892336922
FUTSTK,AUBANK,0.0,XX,670.4,683.2,670.35,677.0,677.0,2500,16964.54,11488000,326000,03-MAY-2023,,25-05-2023,675.55,11162000,0.2146417338809316,2.9206235441677117
FUTSTK,AUROPHARMA,0.0,XX,618.5,624.7,616.8,618.7,618.7,1668,10350.54,10831000,-310000,03-MAY-2023,,25-05-2023,621.65,11141000,-0.47454549845981103,-2.7825150345570417
FUTSTK,AXISBANK,0.0,XX,868.0,872.0,859.65,865.2,865.2,17100,177469.3,57280800,2217600,03-MAY-2023,,25-05-2023,874.7,55063200,-1.0860866431257648,4.027372183236717
FUTSTK,BAJAJ-AUTO,0.0,XX,4454.3,4466.95,4436.4,4455.3,4455.3,2127,23678.62,2679750,-102750,03-MAY-2023,,25-05-2023,4473.6,2782500,-0.40907306351181566,-3.6927223719676547
FUTSTK,BAJAJFINSV,0.0,XX,1349.05,1356.85,1335.75,1351.6,1351.6,2407,16225.3,9029500,-5000,03-MAY-2023,,25-05-2023,1357.65,9034500,-0.44562653992777657,-0.05534340583319497
FUTSTK,BAJFINANCE,0.0,XX,6280.0,6280.0,6182.1,6209.25,6209.25,7778,60445.86,4183250,-58375,03-MAY-2023,,25-05-2023,6280.05,4241625,-1.1273764840949865,-1.376241416909793
FUTSTK,BALKRISIND,0.0,XX,2113.25,2129.75,2100.65,2108.05,2108.05,1412,8954.36,1539600,21600,03-MAY-2023,,25-05-2023,2121.45,1518000,-0.6316388626725783,1.4229249011857708
FUTSTK,BALRAMCHIN,0.0,XX,416.7,424.2,414.2,421.25,421.25,1667,11182.33,6240000,236800,03-MAY-2023,,25-05-2023,419.5,6003200,0.4171632896305125,3.9445628997867805
FUTSTK,BANDHANBNK,0.0,XX,232.0,236.0,230.55,233.4,233.4,4888,20521.38,49105800,154800,03-MAY-2023,,25-05-2023,232.65,48951000,0.32237267125556257,0.31623460194888764
FUTSTK,BANKBARODA,0.0,XX,183.7,186.1,180.0,185.7,185.7,6876,74242.67,87726600,848250,03-MAY-2023,,25-05-2023,188.75,86878350,-1.6158956565604305,0.9763652279307792
FUTSTK,BATAINDIA,0.0,XX,1496.7,1518.65,1489.65,1511.3,1511.3,2307,9570.44,2219250,-41250,03-MAY-2023,,25-05-2023,1499.25,2260500,0.8037384577705519,-1.824817518248175
FUTSTK,BEL,0.0,XX,104.25,107.1,104.2,106.85,106.85,4187,25339.84,82045800,273600,03-MAY-2023,,25-05-2023,104.9,81772200,1.85891031446851,0.3345880384776244
FUTSTK,BERGEPAINT,0.0,XX,612.3,621.8,611.0,613.05,613.05,1570,10643.88,8417200,22000,03-MAY-2023,,25-05-2023,610.05,8395200,0.4917629800884617,0.2620545073375262
FUTSTK,BHARATFORG,0.0,XX,797.0,797.0,781.15,788.1,788.1,2893,22745.73,8233000,60000,03-MAY-2023,,25-05-2023,802.25,8173000,-1.7637923856731068,0.7341245564664138
FUTSTK,BHARTIARTL,0.0,XX,799.95,799.95,782.4,784.0,784.0,6629,49537.48,40166000,-493050,03-MAY-2023,,25-05-2023,793.3,40659050,-1.1723166439019046,-1.2126451552606368
FUTSTK,BHEL,0.0,XX,81.7,88.55,81.6,87.45,87.45,11770,106998.6,109462500,12106500,03-MAY-2023,,25-05-2023,82.15,97356000,6.451607211101116,12.435289042277825
FUTSTK,BIOCON,0.0,XX,240.0,240.9,238.1,239.05,239.05,1744,9604.62,24715800,-591100,03-MAY-2023,,25-05-2023,239.85,25306900,-0.33354306082966845,-2.335726620012724
FUTSTK,BOSCHLTD,0.0,XX,19770.0,19770.0,19377.0,19400.7,19400.7,1098,10698.95,137750,7300,03-MAY-2023,,25-05-2023,19866.9,130450,-2.346622586858068,5.596013798390188
FUTSTK,BPCL,0.0,XX,363.3,369.6,362.3,363.25,363.25,2902,19062.07,14805000,338400,03-MAY-2023,,25-05-2023,363.0,14466600,0.06887052341597796,2.3391812865497075
FUTSTK,BRITANNIA,0.0,XX,4515.0,4579.05,4464.0,4558.4,4558.4,3170,28735.05,1589200,121200,03-MAY-2023,,25-05-2023,4527.35,1468000,0.6858273386803923,8.256130790190735
FUTSTK,BSOFT,0.0,XX,277.35,281.25,275.05,277.15,277.15,922,5118.69,7786000,32000,03-MAY-2023,,25-05-2023,280.0,7754000,-1.0178593226841517,0.41269022440030956
FUTSTK,CANBK,0.0,XX,319.25,321.85,317.55,321.1,321.1,3114,26950.41,38007900,-1163700,03-MAY-2023,,25-05-2023,321.5,39171600,-0.12441489781784604,-2.9707747449682933
FUTSTK,CANFINHOME,0.0,XX,626.4,643.45,626.4,637.15,637.15,964,5987.74,3715725,-6825,03-MAY-2023,,25-05-2023,630.7,3722550,1.0226751359113646,-0.18334206390780514
FUTSTK,CHAMBLFERT,0.0,XX,288.9,297.4,287.5,295.45,295.45,3039,13403.58,5809500,465000,03-MAY-2023,,25-05-2023,289.8,5344500,1.9496289344562847,8.700533258490037
FUTSTK,CHOLAFIN,0.0,XX,877.55,889.45,873.05,887.95,887.95,1982,21925.83,10722500,563750,03-MAY-2023,,25-05-2023,875.95,10158750,1.3699411875987044,5.5494032238218285
FUTSTK,CIPLA,0.0,XX,926.0,928.45,920.1,923.85,923.85,3153,18935.06,14172600,-351650,03-MAY-2023,,25-05-2023,922.0,14524250,0.20064811127304774,-2.4211232938017453
FUTSTK,COALINDIA,0.0,XX,236.6,239.9,236.2,238.05,238.05,1649,16510.14,38152800,-1083600,03-MAY-2023,,25-05-2023,237.65,39236400,0.16831860532160314,-2.7617212588310855
FUTSTK,COFORGE,0.0,XX,4103.7,4146.6,4065.0,4105.1,4105.1,2568,15806.88,907650,-3450,03-MAY-2023,,25-05-2023,4139.85,911100,-0.8394023740056069,-0.3786631544287125
FUTSTK,COLPAL,0.0,XX,1558.0,1578.5,1558.0,1570.45,1570.45,980,5382.19,2008650,-20650,03-MAY-2023,,25-05-2023,1562.65,2029300,0.4991473865517131,-1.0175922731976543
FUTSTK,CONCOR,0.0,XX,621.95,628.0,619.8,625.85,625.85,1963,12256.73,8507000,-246000,03-MAY-2023,,25-05-2023,623.15,8753000,0.4332746635794035,-2.810464983434251
FUTSTK,COROMANDEL,0.0,XX,945.0,956.5,942.4,948.65,948.65,491,3266.26,1131900,53900,03-MAY-2023,,25-05-2023,954.1,1078000,-0.5712138466965209,5.0
FUTSTK,CROMPTON,0.0,XX,259.85,263.9,258.3,259.15,259.15,2497,9786.04,13398000,390000,03-MAY-2023,,25-05-2023,260.25,13008000,-0.42267285437680113,2.9981549815498156
FUTSTK,CUB,0.0,XX,142.8,144.7,142.15,143.2,143.2,1924,13825.79,17120000,-115000,03-MAY-2023,,25-05-2023,143.5,17235000,-0.2090613601099739,-0.6672468813460981
FUTSTK,CUMMINSIND,0.0,XX,1618.0,1624.75,1590.05,1593.15,1593.15,2535,24414.74,2527800,72000,03-MAY-2023,,25-05-2023,1604.1,2455800,-0.6826227378923347,2.9318348399706817
FUTSTK,DABUR,0.0,XX,538.95,545.0,538.6,541.1,541.1,3206,21699.23,13070000,846250,03-MAY-2023,,25-05-2023,538.7,12223750,0.44551017719002844,6.922998261580939
FUTSTK,DALBHARAT,0.0,XX,2004.45,2022.05,2002.55,2014.85,2014.85,692,6968.85,1757000,-16000,03-MAY-2023,,25-05-2023,2007.65,1773000,0.35862581049086595,-0.9024252679075015
FUTSTK,DEEPAKNTR,0.0,XX,1893.0,1946.65,1885.95,1940.85,1940.85,3317,15981.66,1623000,138250,03-MAY-2023,,25-05-2023,1901.5,1484750,2.0694175958946883,9.31133187405287
FUTSTK,DELTACORP,0.0,XX,209.1,215.45,209.1,213.2,213.2,1371,8171.43,15593200,383600,03-MAY-2023,,25-05-2023,210.35,15209600,1.3548803242363823,2.5220913107511045
FUTSTK,DIVISLAB,0.0,XX,3242.9,3288.8,3237.5,3278.1,3278.1,2472,12131.09,2824500,2400,03-MAY-2023,,25-05-2023,3259.45,2822100,0.5721869261305788,0.08504305304560433
FUTSTK,DIXON,0.0,XX,2909.1,2945.0,2901.0,2924.95,2924.95,1042,3808.15,800500,-1500,03-MAY-2023,,25-05-2023,2927.35,802000,-0.0819904146858502,-0.18703241895261846
FUTSTK,DLF,0.0,XX,424.15,435.45,423.05,429.45,429.45,7567,53832.31,36506250,-125400,03-MAY-2023,,25-05-2023,426.35,36631650,0.7271035672890219,-0.3423269222107112
FUTSTK,DRREDDY,0.0,XX,4986.85,4986.85,4942.05,4969.35,4969.35,1341,8318.94,2521875,-15500,03-MAY-2023,,25-05-2023,4968.6,2537375,0.015094795017892149,-0.6108675304202177
FUTSTK,EICHERMOT,0.0,XX,3355.95,3371.1,3330.1,3358.4,3358.4,2471,14507.52,3210025,-88200,03-MAY-2023,,25-05-2023,3366.6,3298225,-0.24357497399850933,-2.6741656497055235
FUTSTK,ESCORTS,0.0,XX,1994.3,2002.2,1982.0,1992.95,1992.95,1536,8408.24,1516350,105875,03-MAY-2023,,25-05-2023,1995.4,1410475,-0.12278606856822856,7.506336517839735
FUTSTK,EXIDEIND,0.0,XX,192.25,194.4,191.7,193.7,193.7,1287,8947.59,19015200,104400,03-MAY-2023,,25-05-2023,193.5,18910800,0.10335759599079458,0.5520654863887303
FUTSTK,FEDERALBNK,0.0,XX,135.55,137.9,135.55,137.3,137.3,3355,22978.59,56705000,-800000,03-MAY-2023,,25-05-2023,136.35,57505000,0.6967340709328307,-1.3911833753586644
FUTSTK,GAIL,0.0,XX,108.75,109.45,108.0,108.55,108.55,1008,10021.05,58916850,-247050,03-MAY-2023,,25-05-2023,109.0,59163900,-0.412841236919438,-0.41756882152799263
FUTSTK,GLENMARK,0.0,XX,544.6,548.65,540.0,545.15,545.15,1683,13260.26,6394500,292900,03-MAY-2023,,25-05-2023,547.9,6101600,-0.5019163857386055,4.800380228136882
FUTSTK,GMRINFRA,0.0,XX,45.95,47.15,45.95,46.55,46.55,1678,17633.0,123457500,-2655000,03-MAY-2023,,25-05-2023,46.2,126112500,0.7575724422971314,-2.1052631578947367
FUTSTK,GNFC,0.0,XX,596.0,609.0,595.65,605.15,605.15,1923,15073.21,8109400,110500,03-MAY-2023,,25-05-2023,601.3,7998900,0.6402854979633462,1.381439947992849
FUTSTK,GODREJCP,0.0,XX,904.45,962.75,904.45,945.45,945.45,3974,37683.05,8915000,3000,03-MAY-2023,,25-05-2023,928.95,8912000,1.7761989109401843,0.033662477558348294
FUTSTK,GODREJPROP,0.0,XX,1332.35,1361.0,1286.8,1336.15,1336.15,13763,78382.6,4722600,-56100,03-MAY-2023,,25-05-2023,1335.2,4778700,0.07115587754131072,-1.1739594450373532
FUTSTK,GRANULES,0.0,XX,301.55,303.5,300.2,302.0,302.0,528,3187.34,6752000,56000,03-MAY-2023,,25-05-2023,303.0,6696000,-0.33003300330033003,0.8363201911589008
FUTSTK,GRASIM,0.0,XX,1740.0,1746.0,1733.0,1742.8,1742.8,1645,13594.08,12044100,-202825,03-MAY-2023,,25-05-2023,1749.55,12246925,-0.3858134841310343,-1.6561300081449015
FUTSTK,GUJGASLTD,0.0,XX,471.1,479.15,470.2,473.95,473.95,1947,11583.2,5592500,-348750,03-MAY-2023,,25-05-2023,472.9,5941250,0.22203813154980062,-5.8699768567220705
FUTSTK,HAL,0.0,XX,2945.3,3048.75,2934.2,3024.9,3024.9,8182,73981.67,2682000,-83700,03-MAY-2023,,25-05-2023,2950.5,2765700,2.5216031975512627,-3.026358607224211
FUTSTK,HAVELLS,0.0,XX,1231.7,1258.5,1218.15,1249.15,1249.15,11374,70642.21,5997000,208000,03-MAY-2023,,25-05-2023,1233.6,5789000,1.260542245126019,3.593021247192952
FUTSTK,HCLTECH,0.0,XX,1065.95,1068.5,1061.1,1065.35,1065.35,1939,14455.0,9814700,-149100,03-MAY-2023,,25-05-2023,1073.95,9963800,-0.8007799224305899,-1.4964170296473234
FUTSTK,HDFC,0.0,XX,2782.7,2795.5,2773.35,2789.7,2789.7,3968,33155.18,8273700,112800,03-MAY-2023,,25-05-2023,2786.75,8160900,0.10585632625370053,1.3822004925927287
FUTSTK,HDFCAMC,0.0,XX,1825.4,1827.1,1792.85,1796.95,1796.95,1943,10558.8,2304000,-48600,03-MAY-2023,,25-05-2023,1818.6,2352600,-1.1904775489226016,-2.065799540933435
FUTSTK,HDFCBANK,0.0,XX,1674.85,1686.4,1670.7,1684.75,1684.75,16294,150478.45,66110000,623150,03-MAY-2023,,25-05-2023,1678.3,65486850,0.38431454353937994,0.9515650852041287
FUTSTK,HDFCLIFE,0.0,XX,543.05,548.9,536.9,539.85,539.85,2756,16417.84,16178800,122100,03-MAY-2023,,25-05-2023,545.9,16056700,-1.1082704813246294,0.7604302253887785
FUTSTK,HEROMOTOCO,0.0,XX,2500.05,2534.5,2493.2,2519.1,2519.1,5548,41937.37,4152300,476400,03-MAY-2023,,25-05-2023,2511.6,3675900,0.2986144174384599,12.960091406186239
FUTSTK,HINDALCO,0.0,XX,442.35,443.45,435.55,442.35,442.35,5963,36762.0,22015000,891800,03-MAY-2023,,25-05-2023,448.65,21123200,-1.4042099361807474,4.221898197242842
FUTSTK,HINDCOPPER,0.0,XX,104.95,106.45,103.6,105.85,105.85,1259,6346.39,18676800,-144000,03-MAY-2023,,25-05-2023,104.95,18820800,0.8575526937106599,-0.7651109410864576
FUTSTK,HINDPETRO,0.0,XX,255.1,261.45,255.1,257.55,257.55,2344,16335.28,16062300,140400,03-MAY-2023,,25-05-2023,254.5,15921900,1.198423494290275,0.8818043072748855
FUTSTK,HINDUNILVR,0.0,XX,2469.0,2505.7,2466.15,2497.35,2497.35,6226,46555.1,9942600,-250200,03-MAY-2023,,25-05-2023,2467.85,10192800,1.1953724429217374,-2.4546738874499647
FUTSTK,IBULHSGFIN,0.0,XX,112.95,118.0,111.85,114.7,114.7,2887,13324.34,49312000,1096000,03-MAY-2023,,25-05-2023,113.8,48216000,0.7908557753509422,2.273104363696698
FUTSTK,ICICIBANK,0.0,XX,924.95,927.35,917.4,926.2,926.2,18985,122624.56,71505700,-1124200,03-MAY-2023,,25-05-2023,928.2,72629900,-0.21547080087237794,-1.5478473741530692
FUTSTK,ICICIGI,0.0,XX,1088.9,1094.5,1084.15,1092.8,1092.8,1056,4890.81,5160350,-22950,03-MAY-2023,,25-05-2023,1093.25,5183300,-0.04115720758060828,-0.44276812069530996
FUTSTK,ICICIPRULI,0.0,XX,438.7,441.75,432.3,433.2,433.2,957,6261.94,12916500,108000,03-MAY-2023,,25-05-2023,441.65,12808500,-1.9132756269059668,0.8431900690947418
FUTSTK,IDEA,0.0,XX,6.9,7.15,6.9,6.95,6.95,853,4192.68,485450000,-1750000,03-MAY-2023,,25-05-2023,6.95,487200000,0.0,-0.35919540229885055
FUTSTK,IDFC,0.0,XX,90.8,92.5,90.7,91.8,91.8,1313,12062.7,167250000,2270000,03-MAY-2023,,25-05-2023,91.3,164980000,0.5476451076530096,1.3759243544672082
FUTSTK,IDFCFIRSTB,0.0,XX,63.9,65.4,63.7,64.6,64.6,4716,45779.77,212340000,4485000,03-MAY-2023,,25-05-2023,64.3,207855000,0.4665558446736031,2.157754203651584
FUTSTK,IEX,0.0,XX,155.05,158.6,154.8,156.35,156.35,2078,12232.74,40290000,-277500,03-MAY-2023,,25-05-2023,155.75,40567500,0.385236663573435,-0.6840451100018488
FUTSTK,IGL,0.0,XX,491.8,497.45,491.8,493.55,493.55,665,4527.1,5710375,-46750,03-MAY-2023,,25-05-2023,495.15,5757125,-0.32313564035913545,-0.8120372581800811
FUTSTK,INDHOTEL,0.0,XX,349.0,364.5,347.95,357.3,357.3,7379,52861.7,24462000,-182000,03-MAY-2023,,25-05-2023,349.0,24644000,2.378219997985315,-0.7385164745982795
FUTSTK,INDIACEM,0.0,XX,186.9,189.9,185.95,188.05,188.05,1139,6215.81,17330400,-17400,03-MAY-2023,,25-05-2023,187.75,17347800,0.1597885761692743,-0.10030090270812438
FUTSTK,INDIAMART,0.0,XX,5691.75,5734.95,5590.95,5722.9,5722.9,1971,16796.92,269250,-23850,03-MAY-2023,,25-05-2023,5631.95,293100,1.6148883402226797,-8.137154554759467
FUTSTK,INDIGO,0.0,XX,2164.7,2244.0,2155.3,2178.3,2178.3,16758,110320.65,3478500,185400,03-MAY-2023,,25-05-2023,2082.75,3293100,4.5876868960809025,5.6299535392183655
FUTSTK,INDUSINDBK,0.0,XX,1163.75,1165.15,1144.2,1150.65,1150.65,6045,31349.76,21579300,-148500,03-MAY-2023,,25-05-2023,1157.9,21727800,-0.6261335043730353,-0.6834562173804988
FUTSTK,INDUSTOWER,0.0,XX,155.25,155.55,150.7,151.45,151.45,4076,17366.87,25370800,1486800,03-MAY-2023,,25-05-2023,156.3,23884000,-3.103010882162027,6.225087924970691
FUTSTK,INFY,0.0,XX,1271.9,1276.85,1268.1,1273.5,1273.5,15914,81010.58,38991600,-1744000,03-MAY-2023,,25-05-2023,1282.15,40735600,-0.6746499434038951,-4.28126749084339
FUTSTK,INTELLECT,0.0,XX,450.1,453.1,445.55,450.15,450.15,480,2155.72,4373000,-7000,03-MAY-2023,,25-05-2023,451.75,4380000,-0.3541795469874101,-0.15981735159817353
FUTSTK,IOC,0.0,XX,82.9,84.0,82.7,83.1,83.1,1900,15426.38,74148750,214500,03-MAY-2023,,25-05-2023,82.6,73934250,0.6053268876955875,0.2901226427535276
FUTSTK,IPCALAB,0.0,XX,711.1,716.8,705.75,712.7,712.7,771,3578.39,3477500,-77350,03-MAY-2023,,25-05-2023,712.85,3554850,-0.02103715845441187,-2.175900530261474
FUTSTK,IRCTC,0.0,XX,627.85,636.7,625.65,631.75,631.75,2806,15520.16,13075125,78750,03-MAY-2023,,25-05-2023,630.35,12996375,0.22210271567966935,0.6059381943041809
FUTSTK,ITC,0.0,XX,422.0,427.2,420.65,426.3,426.3,5553,37817.26,51942400,220800,03-MAY-2023,,25-05-2023,422.85,51721600,0.8158878182937885,0.4269009466064468
FUTSTK,JINDALSTEL,0.0,XX,590.85,597.55,582.45,590.8,590.8,2948,21668.42,17522500,-192500,03-MAY-2023,,25-05-2023,596.45,17715000,-0.9472754293617726,-1.0866497318656505
FUTSTK,JKCEMENT,0.0,XX,3005.55,3026.65,2987.0,3008.8,3008.8,438,3295.71,416000,-3500,03-MAY-2023,,25-05-2023,3000.25,419500,0.28497787944754605,-0.834326579261025
FUTSTK,JSWSTEEL,0.0,XX,736.0,739.8,729.65,737.05,737.05,2084,20695.99,21443400,145800,03-MAY-2023,,25-05-2023,741.95,21297600,-0.6604251409723292,0.6845841784989858
FUTSTK,JUBLFOOD,0.0,XX,462.0,467.8,457.05,459.1,459.1,3139,18157.42,15482500,-376250,03-MAY-2023,,25-05-2023,462.4,15858750,-0.7136651895604273,-2.372507290927721
FUTSTK,KOTAKBANK,0.0,XX,1920.05,1939.55,1919.6,1936.05,1936.05,11816,91232.16,28119600,-700400,03-MAY-2023,,25-05-2023,1928.7,28820000,0.38109077836519323,-2.4302567661346286
FUTSTK,L&TFH,0.0,XX,92.85,94.35,92.85,93.3,93.3,1324,11053.42,71052888,-803160,03-MAY-2023,,25-05-2023,93.15,71856048,0.1610322312632844,-1.1177347242921014
FUTSTK,LALPATHLAB,0.0,XX,1923.7,1945.0,1911.2,1927.9,1927.9,791,3814.11,661000,37000,03-MAY-2023,,25-05-2023,1929.55,624000,-0.08551342915746656,5.929487179487179
FUTSTK,LAURUSLABS,0.0,XX,312.25,323.9,311.4,322.0,322.0,5358,18749.65,14667400,17600,03-MAY-2023,,25-05-2023,311.8,14649800,3.2713318173071673,0.12013815888271512
FUTSTK,LICHSGFIN,0.0,XX,355.9,360.55,355.5,357.8,357.8,1718,12325.46,14974000,-634000,03-MAY-2023,,25-05-2023,357.4,15608000,0.11191771217551483,-4.062019477191184
FUTSTK,LT,0.0,XX,2395.0,2397.7,2362.85,2371.0,2371.0,4846,34543.31,8770800,-133500,03-MAY-2023,,25-05-2023,2394.65,8904300,-0.9876141944842456,-1.4992756308749706
FUTSTK,LTIM,0.0,XX,4550.0,4570.1,4480.1,4514.9,4514.9,2980,20200.15,1467450,-19650,03-MAY-2023,,25-05-2023,4576.9,1487100,-1.3546287077034587,-1.3213637280613275
FUTSTK,LTTS,0.0,XX,3772.55,3785.5,3721.0,3729.2,3729.2,1973,14769.32,1159200,-49200,03-MAY-2023,,25-05-2023,3788.85,1208400,-1.5743601606533355,-4.07149950347567
FUTSTK,LUPIN,0.0,XX,709.9,717.45,707.7,712.95,712.95,841,5093.95,6394550,-39100,03-MAY-2023,,25-05-2023,712.85,6433650,0.014033334434994325,-0.607742105958515
FUTSTK,M&M,0.0,XX,1243.25,1247.75,1237.65,1241.4,1241.4,2306,20032.93,12914300,43400,03-MAY-2023,,25-05-2023,1244.45,12870900,-0.2450823156801478,0.3371947571653886
FUTSTK,M&MFIN,0.0,XX,265.85,273.65,262.7,273.05,273.05,4035,43581.84,24128000,192000,03-MAY-2023,,25-05-2023,268.05,23936000,1.8653237185975189,0.8021390374331552
FUTSTK,MANAPPURAM,0.0,XX,129.7,130.0,112.1,114.4,114.4,20192,144520.47,54354000,14898000,03-MAY-2023,,25-05-2023,130.35,39456000,-12.236289858682666,37.75851581508516
FUTSTK,MARICO,0.0,XX,501.6,506.7,499.5,504.3,504.3,864,5222.51,9627600,-177600,03-MAY-2023,,25-05-2023,501.85,9805200,0.488190028824623,-1.8112838085913598
FUTSTK,MARUTI,0.0,XX,8811.05,8864.0,8766.85,8840.2,8840.2,5188,45831.14,2216600,-57300,03-MAY-2023,,25-05-2023,8831.3,2273900,0.10078234033313903,-2.5198997317384233
FUTSTK,MCDOWELL-N,0.0,XX,780.45,800.8,780.45,789.75,789.75,4522,22410.0,12437500,127500,03-MAY-2023,,25-05-2023,782.9,12310000,0.8749489554639054,1.0357432981316004
FUTSTK,MCX,0.0,XX,1397.0,1409.0,1375.8,1380.85,1380.85,1156,6430.5,1245200,84400,03-MAY-2023,,25-05-2023,1404.95,1160800,-1.7153618579676524,7.270847691247416
FUTSTK,METROPOLIS,0.0,XX,1272.0,1283.4,1243.2,1248.3,1248.3,755,3801.38,1345600,44000,03-MAY-2023,,25-05-2023,1272.45,1301600,-1.8979058721727262,3.380454824830977
FUTSTK,MFSL,0.0,XX,652.55,657.4,638.55,640.95,640.95,1446,6075.64,3879200,-72150,03-MAY-2023,,25-05-2023,651.0,3951350,-1.5437769267233103,-1.8259582168119757
FUTSTK,MGL,0.0,XX,1008.8,1017.1,1006.0,1008.2,1008.2,546,4412.85,1744800,-31200,03-MAY-2023,,25-05-2023,1009.45,1776000,-0.12382980681401325,-1.7567567567567568
FUTSTK,MOTHERSON,0.0,XX,75.2,75.85,74.75,75.0,75.0,1132,5744.96,54749250,-2369250,03-MAY-2023,,25-05-2023,75.55,57118500,-0.7279987154745928,-4.147955566060033
FUTSTK,MPHASIS,0.0,XX,1830.1,1868.0,1822.95,1863.9,1863.9,1845,9386.9,2393600,-46200,03-MAY-2023,,25-05-2023,1865.8,2439800,-0.1018342997287341,-1.8935978358881875
FUTSTK,MRF,0.0,XX,89585.1,94989.0,88615.0,94144.25,94144.25,9130,84662.4,51750,10690,03-MAY-2023,,25-05-2023,89008.8,41060,5.769601775667187,26.035070628348755
FUTSTK,MUTHOOTFIN,0.0,XX,1029.3,1029.3,1013.7,1021.65,1021.65,1997,11209.94,7263850,13750,03-MAY-2023,,25-05-2023,1030.65,7250100,-0.8732353162380811,0.18965255651646185
FUTSTK,NATIONALUM,0.0,XX,83.4,83.55,82.2,82.7,82.7,1160,7186.68,49552500,577500,03-MAY-2023,,25-05-2023,83.65,48975000,-1.1356898509354059,1.1791730474732005
FUTSTK,NAUKRI,0.0,XX,3805.0,3820.0,3776.9,3798.95,3798.95,1206,5731.55,1381500,8000,03-MAY-2023,,25-05-2023,3813.3,1373500,-0.3763170343928211,0.5824535857298871
FUTSTK,NAVINFLUOR,0.0,XX,4776.65,4823.95,4760.25,4807.5,4807.5,687,4949.99,491400,-3000,03-MAY-2023,,25-05-2023,4802.05,494400,0.11349726750396916,-0.6067961165048543
FUTSTK,NESTLEIND,0.0,XX,21752.8,22020.0,21730.45,21940.6,21940.6,1408,12349.83,388800,4680,03-MAY-2023,,25-05-2023,21844.65,384120,0.43923439851057644,1.218369259606373
FUTSTK,NMDC,0.0,XX,110.35,110.95,109.6,110.7,110.7,1716,8525.04,45684000,1098000,03-MAY-2023,,25-05-2023,110.6,44586000,0.0904145348107686,2.4626564392410173
FUTSTK,NTPC,0.0,XX,176.4,179.2,176.3,177.1,177.1,3282,33201.11,73250700,-706800,03-MAY-2023,,25-05-2023,176.8,73957500,0.1696849810969671,-0.9556840077071291
FUTSTK,OBEROIRLTY,0.0,XX,924.0,937.1,915.75,929.8,929.8,958,6228.06,6684300,-28700,03-MAY-2023,,25-05-2023,921.85,6713000,0.8623976154013715,-0.42752867570385816
FUTSTK,OFSS,0.0,XX,3630.0,3674.0,3622.95,3652.1,3652.1,502,3663.67,233400,-21000,03-MAY-2023,,25-05-2023,3649.15,254400,0.08084609817221182,-8.254716981132075
FUTSTK,ONGC,0.0,XX,164.35,164.35,161.5,161.9,161.9,3729,23360.85,56260050,334950,03-MAY-2023,,25-05-2023,165.4,55925100,-2.116082302996018,0.5989260636100785
FUTSTK,PAGEIND,0.0,XX,40250.0,40904.0,39711.35,40711.25,40711.25,1623,9895.3,118770,-3675,03-MAY-2023,,25-05-2023,40308.2,122445,0.9999225692586001,-3.0013475437951733
FUTSTK,PEL,0.0,XX,742.9,755.0,741.05,747.45,747.45,2066,8492.44,8734000,105600,03-MAY-2023,,25-05-2023,747.15,8628400,0.04015094467861517,1.2238653748087711
FUTSTK,PERSISTENT,0.0,XX,4720.2,4737.55,4665.05,4686.15,4686.15,1900,15617.9,1113350,10850,03-MAY-2023,,25-05-2023,4730.85,1102500,-0.9448660259737526,0.9841269841269842
FUTSTK,PETRONET,0.0,XX,238.65,243.6,236.55,237.5,237.5,1831,13159.71,14073000,246000,03-MAY-2023,,25-05-2023,238.65,13827000,-0.4818746808697555,1.7791277934476026
FUTSTK,PFC,0.0,XX,173.95,176.2,171.15,171.55,171.55,3792,40782.99,64728000,2969800,03-MAY-2023,,25-05-2023,174.8,61758200,-1.8592677020936228,4.808754141150487
FUTSTK,PIDILITIND,0.0,XX,2431.3,2483.75,2426.95,2474.5,2474.5,2642,16282.11,2689250,-92750,03-MAY-2023,,25-05-2023,2431.9,2782000,1.7517208506482542,-3.3339324227174694
FUTSTK,PIIND,0.0,XX,3414.9,3447.3,3392.65,3438.75,3438.75,1077,9218.74,2225750,-30250,03-MAY-2023,,25-05-2023,3416.6,2256000,0.6483024559691545,-1.3408687943262412
FUTSTK,PNB,0.0,XX,52.5,53.25,52.25,52.95,52.95,3268,27643.39,222208000,-1248000,03-MAY-2023,,25-05-2023,53.05,223456000,-0.18849854016818754,-0.5584992123729056
FUTSTK,POLYCAB,0.0,XX,3236.4,3306.0,3236.35,3286.55,3286.55,1914,18839.58,1302600,100200,03-MAY-2023,,25-05-2023,3257.65,1202400,0.8871470953211544,8.333333333333332
FUTSTK,POWERGRID,0.0,XX,240.1,242.9,239.8,240.6,240.6,1520,9903.31,27499500,-18900,03-MAY-2023,,25-05-2023,241.3,27518400,-0.2900940486486613,-0.06868131868131869
FUTSTK,PVR,0.0,XX,1495.95,1503.5,1478.3,1490.0,1490.0,1986,12036.42,3100933,129426,03-MAY-2023,,25-05-2023,1490.3,2971507,-0.02013345086856428,4.355567730447884
FUTSTK,RAIN,0.0,XX,164.25,164.65,161.45,162.75,162.75,335,1910.29,11144000,-80500,03-MAY-2023,,25-05-2023,164.6,11224500,-1.1239404829378747,-0.7171811661989398
FUTSTK,RAMCOCEM,0.0,XX,742.1,754.95,741.0,748.6,748.6,1020,6501.83,3666900,87550,03-MAY-2023,,25-05-2023,744.5,3579350,0.5507018919996642,2.445974827831869
FUTSTK,RBLBANK,0.0,XX,154.15,157.85,152.7,155.9,155.9,2754,21476.2,38245000,-155000,03-MAY-2023,,25-05-2023,155.5,38400000,0.2572308015976688,-0.40364583333333337
FUTSTK,RECLTD,0.0,XX,137.75,139.1,136.25,136.8,136.8,2660,29278.79,57360000,-1024000,03-MAY-2023,,25-05-2023,137.4,58384000,-0.43667457887850336,-1.7539051795012335
FUTSTK,RELIANCE,0.0,XX,2448.15,2451.2,2422.25,2428.65,2428.65,16003,97224.47,32082500,7750,03-MAY-2023,,25-05-2023,2450.05,32074750,-0.8734575236375611,0.024162308357820402
FUTSTK,SAIL,0.0,XX,85.05,85.9,84.4,85.45,85.45,2858,19464.7,99504000,-2504000,03-MAY-2023,,25-05-2023,85.15,102008000,0.35231405400751076,-2.454709434554153
FUTSTK,SBICARD,0.0,XX,774.2,789.5,770.5,784.3,784.3,2130,13321.46,8129600,29600,03-MAY-2023,,25-05-2023,781.9,8100000,0.306939928887293,0.3654320987654321
FUTSTK,SBILIFE,0.0,XX,1143.3,1155.0,1140.8,1142.95,1142.95,880,7559.87,7344000,-72000,03-MAY-2023,,25-05-2023,1157.05,7416000,-1.2186246973958264,-0.9708737864077669
FUTSTK,SBIN,0.0,XX,573.8,575.6,570.15,571.2,571.2,9798,84148.4,55017000,1071000,03-MAY-2023,,25-05-2023,575.65,53946000,-0.7730412608877744,1.9853186519853188
FUTSTK,SHREECEM,0.0,XX,24024.0,24417.8,24024.0,24366.8,24366.8,1613,9792.63,321025,-4650,03-MAY-2023,,25-05-2023,24268.2,325675,0.40629946050475324,-1.42780379212405
FUTSTK,SHRIRAMFIN,0.0,XX,1325.0,1340.7,1321.3,1324.15,1324.15,1290,10279.95,4663200,4200,03-MAY-2023,,25-05-2023,1331.85,4659000,-0.5781395287023573,0.09014810045074051
FUTSTK,SIEMENS,0.0,XX,3501.25,3559.0,3484.25,3553.3,3553.3,1827,17754.07,1750925,43725,03-MAY-2023,,25-05-2023,3514.3,1707200,1.1097515709566377,2.5612113402061856
FUTSTK,SRF,0.0,XX,2551.2,2586.0,2550.0,2580.25,2580.25,1098,10580.91,2527125,-55500,03-MAY-2023,,25-05-2023,2564.35,2582625,0.6200363342853263,-2.148976332220125
FUTSTK,SUNPHARMA,0.0,XX,975.95,977.75,965.9,969.15,969.15,3541,24061.25,20961500,240100,03-MAY-2023,,25-05-2023,978.35,20721400,-0.9403537999134834,1.1587054928721032
FUTSTK,SUNTV,0.0,XX,436.35,445.05,434.65,436.7,436.7,1000,6590.88,7738500,196500,03-MAY-2023,,25-05-2023,437.75,7542000,-0.2398601468803541,2.605409705648369
FUTSTK,SYNGENE,0.0,XX,694.55,710.25,691.35,694.0,694.0,1455,10163.92,2853000,108000,03-MAY-2023,,25-05-2023,697.8,2745000,-0.5445669044775296,3.934426229508197
FUTSTK,TATACHEM,0.0,XX,977.9,1003.6,976.2,998.75,998.75,4775,23658.12,4330500,-49500,03-MAY-2023,,25-05-2023,978.45,4380000,2.0747087270385207,-1.13013698630137
FUTSTK,TATACOMM,0.0,XX,1261.35,1261.35,1242.55,1246.7,1246.7,673,4205.23,2006000,-12500,03-MAY-2023,,25-05-2023,1262.55,2018500,-1.2554035121983291,-0.619271736437949
FUTSTK,TATACONSUM,0.0,XX,772.0,782.45,770.0,777.9,777.9,1920,13436.05,10023300,225900,03-MAY-2023,,25-05-2023,775.7,9797400,0.2836163687521092,2.30571376079368
FUTSTK,TATAMOTORS,0.0,XX,481.95,488.65,480.2,486.75,486.75,6849,47279.29,55257225,-540075,03-MAY-2023,,25-05-2023,482.95,55797300,0.7868283873942153,-0.9679231790785576
FUTSTK,TATAPOWER,0.0,XX,202.25,205.45,201.5,204.55,204.55,4517,31105.99,85785750,-735750,03-MAY-2023,,25-05-2023,202.85,86521500,0.838056148430515,-0.8503666718676861
FUTSTK,TATASTEEL,0.0,XX,110.45,111.6,109.4,110.35,110.35,11810,71687.05,193088500,-852500,03-MAY-2023,,25-05-2023,111.05,193941000,-0.6303507954974688,-0.43956667233849467
FUTSTK,TCS,0.0,XX,3225.05,3228.55,3194.0,3200.3,3200.3,11692,65587.87,8752975,371525,03-MAY-2023,,25-05-2023,3237.95,8381450,-1.1627697435571478,4.432705558107488
FUTSTK,TECHM,0.0,XX,1050.05,1057.6,1044.45,1046.35,1046.35,4054,25539.69,9471600,53400,03-MAY-2023,,25-05-2023,1058.1,9418200,-1.1104810765630417,0.5669873224182964
FUTSTK,TITAN,0.0,XX,2680.0,2693.8,2653.0,2667.0,2667.0,5184,51931.67,4789500,-79500,03-MAY-2023,,25-05-2023,2681.5,4869000,-0.5407421219466716,-1.6327788046826865
FUTSTK,TORNTPHARM,0.0,XX,1662.7,1686.25,1657.0,1664.55,1664.55,734,6133.19,1469000,-74000,03-MAY-2023,,25-05-2023,1663.4,1543000,0.06913697229670292,-4.795852235904083
FUTSTK,TRENT,0.0,XX,1407.2,1415.7,1383.15,1393.25,1393.25,1581,8834.79,3635600,92000,03-MAY-2023,,25-05-2023,1411.3,3543600,-1.2789660740898354,2.5962298227790948
FUTSTK,TVSMOTOR,0.0,XX,1157.0,1167.95,1145.4,1157.9,1157.9,2101,16952.79,7256900,52500,03-MAY-2023,,25-05-2023,1161.45,7204400,-0.30564612398758206,0.7287213369607461
FUTSTK,UBL,0.0,XX,1437.55,1461.5,1431.1,1437.95,1437.95,2154,12440.63,1917600,282000,03-MAY-2023,,25-05-2023,1443.65,1635600,-0.394837609239885,17.24137931034483
FUTSTK,ULTRACEMCO,0.0,XX,7511.55,7591.85,7470.15,7556.35,7556.35,5635,42531.01,1765400,-38800,03-MAY-2023,,25-05-2023,7505.55,1804200,0.6768363982745581,-2.1505376344086025
FUTSTK,UPL,0.0,XX,757.8,759.8,742.55,744.2,744.2,2117,20603.83,14359800,62400,03-MAY-2023,,25-05-2023,757.45,14297400,-1.7492903540119584,0.436442989634479
FUTSTK,VEDL,0.0,XX,281.5,282.0,276.65,278.65,278.65,3961,22050.7,33420000,1626000,03-MAY-2023,,25-05-2023,282.9,31794000,-1.5022976640837655,5.114172485374599
FUTSTK,VOLTAS,0.0,XX,805.45,819.65,800.75,811.65,811.65,5244,25621.07,7204800,-743400,03-MAY-2023,,25-05-2023,806.8,7948200,0.6011448555373934,-9.35306107043104
FUTSTK,WHIRLPOOL,0.0,XX,1326.85,1340.0,1317.35,1338.1,1338.1,797,3718.92,706300,-52850,03-MAY-2023,,25-05-2023,1322.4,759150,1.1872316153980287,-6.961733517750115
FUTSTK,WIPRO,0.0,XX,385.15,389.55,383.45,386.7,386.7,2802,16288.29,25087500,33000,03-MAY-2023,,25-05-2023,390.7,25054500,-1.023803397753775,0.13171286595222417
FUTSTK,ZEEL,0.0,XX,196.55,198.75,195.6,197.15,197.15,2920,17268.57,84954000,1107000,03-MAY-2023,,25-05-2023,197.75,83847000,-0.30341648723925413,1.3202619056137965
FUTSTK,ZYDUSLIFE,0.0,XX,517.5,524.95,516.15,522.75,522.75,607,5700.55,6577200,88200,03-MAY-2023,,25-05-2023,519.7,6489000,0.5868746818027274,1.3592233009708738
