INSTRUMENT,SYMBOL,STRIKE_PR,OPTION_TYP,OPEN,HIGH,LOW,CLOSE,SETTLE_PR,CONTRACTS,VAL_INLAKH,OPEN_INT,CHG_IN_OI,TIMESTAMP,_c15,EXPIRY_DT_NUM
FUTIDX,BANKNIFTY,0.0,XX,43360.0,43479.0,43255.65,43367.25,43367.25,79128,858521.16,2306100,15400,02-MAY-2023,,25-05-2023
FUTIDX,NIFTY,0.0,XX,18180.45,18247.25,18180.45,18213.15,18213.15,114511,1043095.75,9587100,832600,02-MAY-2023,,25-05-2023
FUTSTK,AARTIIND,0.0,XX,564.05,568.4,558.6,559.65,559.65,1254,5996.38,3428900,162350,02-MAY-2023,,25-05-2023
FUTSTK,ABB,0.0,XX,3438.7,3483.0,3412.0,3458.05,3458.05,1901,16383.29,1302500,4250,02-MAY-2023,,25-05-2023
FUTSTK,ABBOTINDIA,0.0,XX,22452.9,22738.1,22450.15,22499.75,22499.75,356,3216.01,66000,1320,02-MAY-2023,,25-05-2023
FUTSTK,ABCAPITAL,0.0,XX,169.15,171.4,168.55,169.05,169.05,1597,14630.87,27702000,232200,02-MAY-2023,,25-05-2023
FUTSTK,ABFRL,0.0,XX,224.25,226.95,222.95,225.8,225.8,2132,12475.05,22029800,-639600,02-MAY-2023,,25-05-2023
FUTSTK,ACC,0.0,XX,1769.95,1786.95,1757.8,1775.2,1775.2,3231,14319.96,3728000,131250,02-MAY-2023,,25-05-2023
FUTSTK,ADANIENT,0.0,XX,1936.05,1976.15,1913.65,1929.5,1929.5,13651,66238.33,8842000,-338250,02-MAY-2023,,25-05-2023
FUTSTK,ADANIPORTS,0.0,XX,683.45,688.75,674.8,683.85,683.85,9184,39117.84,36836250,-778750,02-MAY-2023,,25-05-2023
FUTSTK,ALKEM,0.0,XX,3582.0,3582.0,3518.05,3531.3,3531.3,500,3531.84,636600,-15800,02-MAY-2023,,25-05-2023
FUTSTK,AMBUJACEM,0.0,XX,398.2,402.1,391.5,396.95,396.95,7855,56176.22,63991800,1398600,02-MAY-2023,,25-05-2023
FUTSTK,APOLLOHOSP,0.0,XX,4552.25,4597.95,4505.2,4518.05,4518.05,3484,19768.22,1363125,59625,02-MAY-2023,,25-05-2023
FUTSTK,APOLLOTYRE,0.0,XX,348.0,350.85,347.0,348.25,348.25,1168,14258.04,12320000,329000,02-MAY-2023,,25-05-2023
FUTSTK,ASHOKLEY,0.0,XX,145.95,146.45,143.95,144.5,144.5,3525,25515.54,45315000,-2465000,02-MAY-2023,,25-05-2023
FUTSTK,ASIANPAINT,0.0,XX,2914.5,2950.9,2908.15,2914.15,2914.15,5038,29492.76,5759800,32400,02-MAY-2023,,25-05-2023
FUTSTK,ASTRAL,0.0,XX,1457.85,1503.25,1454.1,1489.85,1489.85,2881,15653.96,1776647,119642,02-MAY-2023,,25-05-2023
FUTSTK,ATUL,0.0,XX,6685.0,6728.65,6481.05,6586.1,6586.1,4424,21838.31,236850,34650,02-MAY-2023,,25-05-2023
FUTSTK,AUBANK,0.0,XX,658.2,679.55,656.05,675.55,675.55,3858,25906.73,11162000,-125000,02-MAY-2023,,25-05-2023
FUTSTK,AUROPHARMA,0.0,XX,620.05,625.75,615.0,621.65,621.65,1990,12351.17,11141000,250000,02-MAY-2023,,25-05-2023
FUTSTK,AXISBANK,0.0,XX,872.2,881.65,868.5,874.7,874.7,17354,182403.29,55063200,-3873600,02-MAY-2023,,25-05-2023
FUTSTK,BAJAJ-AUTO,0.0,XX,4409.8,4480.0,4405.0,4473.6,4473.6,3077,34283.24,2782500,99000,02-MAY-2023,,25-05-2023
FUTSTK,BAJAJFINSV,0.0,XX,1378.35,1378.35,1354.15,1357.65,1357.65,3760,25607.86,9034500,178500,02-MAY-2023,,25-05-2023
FUTSTK,BAJFINANCE,0.0,XX,6334.95,6347.95,6267.2,6280.05,6280.05,8749,68886.7,4241625,-33000,02-MAY-2023,,25-05-2023
FUTSTK,BALKRISIND,0.0,XX,2103.9,2128.0,2080.15,2121.45,2121.45,1390,8792.06,1518000,-24600,02-MAY-2023,,25-05-2023
FUTSTK,BALRAMCHIN,0.0,XX,415.1,422.5,415.1,419.5,419.5,3337,22395.23,6003200,312000,02-MAY-2023,,25-05-2023
FUTSTK,BANDHANBNK,0.0,XX,230.8,233.55,229.4,232.65,232.65,6543,27259.69,48951000,-2158200,02-MAY-2023,,25-05-2023
FUTSTK,BANKBARODA,0.0,XX,189.65,190.1,188.05,188.75,188.75,3817,42189.15,86878350,544050,02-MAY-2023,,25-05-2023
FUTSTK,BATAINDIA,0.0,XX,1489.45,1506.0,1487.15,1499.25,1499.25,2681,11058.37,2260500,-66825,02-MAY-2023,,25-05-2023
FUTSTK,BEL,0.0,XX,104.5,105.5,103.85,104.9,104.9,3526,21038.4,81772200,-2268600,02-MAY-2023,,25-05-2023
FUTSTK,BERGEPAINT,0.0,XX,607.5,614.75,607.15,610.05,610.05,1685,11324.78,8395200,38500,02-MAY-2023,,25-05-2023
FUTSTK,BHARATFORG,0.0,XX,802.35,806.1,798.25,802.25,802.25,3324,26678.44,8173000,226000,02-MAY-2023,,25-05-2023
FUTSTK,BHARTIARTL,0.0,XX,800.05,808.2,792.1,793.3,793.3,8431,63886.75,40659050,-966150,02-MAY-2023,,25-05-2023
FUTSTK,BHEL,0.0,XX,78.8,82.8,78.8,82.15,82.15,5587,47764.66,97356000,2520000,02-MAY-2023,,25-05-2023
FUTSTK,BIOCON,0.0,XX,233.6,240.7,233.4,239.85,239.85,3044,16711.07,25306900,-1336300,02-MAY-2023,,25-05-2023
FUTSTK,BOSCHLTD,0.0,XX,19530.05,19952.9,19452.55,19866.9,19866.9,1247,12327.19,130450,-2950,02-MAY-2023,,25-05-2023
FUTSTK,BPCL,0.0,XX,360.25,367.25,360.05,363.0,363.0,2200,14396.82,14466600,-298800,02-MAY-2023,,25-05-2023
FUTSTK,BRITANNIA,0.0,XX,4568.15,4620.0,4517.5,4527.35,4527.35,1948,17767.92,1468000,37600,02-MAY-2023,,25-05-2023
FUTSTK,BSOFT,0.0,XX,274.65,282.05,274.5,280.0,280.0,1522,8511.02,7754000,120000,02-MAY-2023,,25-05-2023
FUTSTK,CANBK,0.0,XX,319.65,323.25,318.9,321.5,321.5,4304,37323.91,39171600,-367200,02-MAY-2023,,25-05-2023
FUTSTK,CANFINHOME,0.0,XX,623.6,636.35,621.15,630.7,630.7,1378,8453.63,3722550,220350,02-MAY-2023,,25-05-2023
FUTSTK,CHAMBLFERT,0.0,XX,289.9,292.9,285.8,289.8,289.8,1433,6229.7,5344500,297000,02-MAY-2023,,25-05-2023
FUTSTK,CHOLAFIN,0.0,XX,874.5,896.0,874.5,875.95,875.95,2941,32531.66,10158750,451250,02-MAY-2023,,25-05-2023
FUTSTK,CIPLA,0.0,XX,915.75,924.2,912.0,922.0,922.0,2509,14980.26,14524250,98800,02-MAY-2023,,25-05-2023
FUTSTK,COALINDIA,0.0,XX,235.0,239.0,234.95,237.65,237.65,1738,17345.94,39236400,865200,02-MAY-2023,,25-05-2023
FUTSTK,COFORGE,0.0,XX,4179.0,4196.7,4083.55,4139.85,4139.85,10704,66743.31,911100,313500,02-MAY-2023,,25-05-2023
FUTSTK,COLPAL,0.0,XX,1575.6,1580.0,1560.05,1562.65,1562.65,630,3455.66,2029300,10500,02-MAY-2023,,25-05-2023
FUTSTK,CONCOR,0.0,XX,617.85,625.85,614.5,623.15,623.15,2017,12527.47,8753000,-45000,02-MAY-2023,,25-05-2023
FUTSTK,COROMANDEL,0.0,XX,948.45,957.0,945.5,954.1,954.1,305,2030.89,1078000,26600,02-MAY-2023,,25-05-2023
FUTSTK,CROMPTON,0.0,XX,257.0,260.75,255.25,260.25,260.25,3476,13484.82,13008000,-436500,02-MAY-2023,,25-05-2023
FUTSTK,CUB,0.0,XX,143.3,143.95,141.35,143.5,143.5,876,6256.61,17235000,5000,02-MAY-2023,,25-05-2023
FUTSTK,CUMMINSIND,0.0,XX,1580.85,1610.85,1575.25,1604.1,1604.1,1807,17335.65,2455800,73800,02-MAY-2023,,25-05-2023
FUTSTK,DABUR,0.0,XX,536.2,539.15,534.0,538.7,538.7,1322,8877.78,12223750,-186250,02-MAY-2023,,25-05-2023
FUTSTK,DALBHARAT,0.0,XX,2005.45,2018.0,1995.9,2007.65,2007.65,766,7689.51,1773000,8500,02-MAY-2023,,25-05-2023
FUTSTK,DEEPAKNTR,0.0,XX,1897.0,1914.0,1880.55,1901.5,1901.5,2171,10310.36,1484750,6250,02-MAY-2023,,25-05-2023
FUTSTK,DELTACORP,0.0,XX,206.35,211.7,206.35,210.35,210.35,1430,8391.05,15209600,-22400,02-MAY-2023,,25-05-2023
FUTSTK,DIVISLAB,0.0,XX,3255.75,3276.25,3237.0,3259.45,3259.45,2314,11320.34,2822100,37650,02-MAY-2023,,25-05-2023
FUTSTK,DIXON,0.0,XX,2927.15,2956.9,2913.5,2927.35,2927.35,1671,6124.67,802000,18500,02-MAY-2023,,25-05-2023
FUTSTK,DLF,0.0,XX,427.6,429.3,422.55,426.35,426.35,3998,28111.76,36631650,66000,02-MAY-2023,,25-05-2023
FUTSTK,DRREDDY,0.0,XX,4943.6,4990.45,4938.3,4968.6,4968.6,1962,12172.99,2537375,15000,02-MAY-2023,,25-05-2023
FUTSTK,EICHERMOT,0.0,XX,3329.9,3399.0,3329.9,3366.6,3366.6,7191,42358.32,3298225,-700,02-MAY-2023,,25-05-2023
FUTSTK,ESCORTS,0.0,XX,1991.95,2013.9,1973.4,1995.4,1995.4,2531,13878.31,1410475,82775,02-MAY-2023,,25-05-2023
FUTSTK,EXIDEIND,0.0,XX,196.45,198.25,192.1,193.5,193.5,1829,12778.07,18910800,1573200,02-MAY-2023,,25-05-2023
FUTSTK,FEDERALBNK,0.0,XX,136.0,136.95,135.1,136.35,136.35,3163,21547.39,57505000,600000,02-MAY-2023,,25-05-2023
FUTSTK,GAIL,0.0,XX,108.1,109.2,107.65,109.0,109.0,1503,14947.04,59163900,-1253550,02-MAY-2023,,25-05-2023
FUTSTK,GLENMARK,0.0,XX,562.25,566.45,546.2,547.9,547.9,2266,18215.04,6101600,-31900,02-MAY-2023,,25-05-2023
FUTSTK,GMRINFRA,0.0,XX,46.0,46.5,45.75,46.2,46.2,1483,15397.51,126112500,-1867500,02-MAY-2023,,25-05-2023
FUTSTK,GNFC,0.0,XX,594.85,606.55,589.0,601.3,601.3,2120,16530.88,7998900,150800,02-MAY-2023,,25-05-2023
FUTSTK,GODREJCP,0.0,XX,915.1,933.65,908.75,928.95,928.95,2496,23041.71,8912000,-440000,02-MAY-2023,,25-05-2023
FUTSTK,GODREJPROP,0.0,XX,1319.05,1343.5,1315.15,1335.2,1335.2,4073,23079.58,4778700,36125,02-MAY-2023,,25-05-2023
FUTSTK,GRANULES,0.0,XX,302.75,305.15,300.1,303.0,303.0,978,5928.76,6696000,370000,02-MAY-2023,,25-05-2023
FUTSTK,GRASIM,0.0,XX,1737.35,1753.95,1726.65,1749.55,1749.55,1514,12530.1,12246925,40850,02-MAY-2023,,25-05-2023
FUTSTK,GUJGASLTD,0.0,XX,472.55,475.15,466.75,472.9,472.9,1303,7678.83,5941250,-202500,02-MAY-2023,,25-05-2023
FUTSTK,HAL,0.0,XX,2937.1,2969.8,2931.6,2950.5,2950.5,3233,28641.36,2765700,42900,02-MAY-2023,,25-05-2023
FUTSTK,HAVELLS,0.0,XX,1236.0,1245.6,1220.1,1233.6,1233.6,3907,24072.3,5789000,579000,02-MAY-2023,,25-05-2023
FUTSTK,HCLTECH,0.0,XX,1071.2,1081.45,1069.45,1073.95,1073.95,3082,23199.03,9963800,216300,02-MAY-2023,,25-05-2023
FUTSTK,HDFC,0.0,XX,2780.0,2808.0,2780.0,2786.75,2786.75,7589,63662.15,8160900,141300,02-MAY-2023,,25-05-2023
FUTSTK,HDFCAMC,0.0,XX,1783.95,1830.45,1781.55,1818.6,1818.6,2543,13818.99,2352600,-5700,02-MAY-2023,,25-05-2023
FUTSTK,HDFCBANK,0.0,XX,1679.8,1689.7,1675.0,1678.3,1678.3,17445,161485.19,65486850,349800,02-MAY-2023,,25-05-2023
FUTSTK,HDFCLIFE,0.0,XX,532.8,547.3,532.15,545.9,545.9,3850,22916.23,16056700,-776600,02-MAY-2023,,25-05-2023
FUTSTK,HEROMOTOCO,0.0,XX,2551.6,2559.95,2475.0,2511.6,2511.6,8083,60838.9,3675900,407100,02-MAY-2023,,25-05-2023
FUTSTK,HINDALCO,0.0,XX,439.0,452.3,439.0,448.65,448.65,4430,27775.16,21123200,-117600,02-MAY-2023,,25-05-2023
FUTSTK,HINDCOPPER,0.0,XX,102.4,105.7,102.4,104.95,104.95,1787,8958.32,18820800,1032000,02-MAY-2023,,25-05-2023
FUTSTK,HINDPETRO,0.0,XX,253.5,259.55,251.75,254.5,254.5,1468,10141.15,15921900,-40500,02-MAY-2023,,25-05-2023
FUTSTK,HINDUNILVR,0.0,XX,2470.0,2493.0,2466.0,2467.85,2467.85,6351,47211.49,10192800,155100,02-MAY-2023,,25-05-2023
FUTSTK,IBULHSGFIN,0.0,XX,108.85,115.4,108.85,113.8,113.8,3452,15673.66,48216000,2360000,02-MAY-2023,,25-05-2023
FUTSTK,ICICIBANK,0.0,XX,924.95,931.0,924.55,928.2,928.2,19481,126538.44,72629900,3323600,02-MAY-2023,,25-05-2023
FUTSTK,ICICIGI,0.0,XX,1089.45,1098.35,1083.25,1093.25,1093.25,1759,8152.49,5183300,19550,02-MAY-2023,,25-05-2023
FUTSTK,ICICIPRULI,0.0,XX,436.1,442.5,434.3,441.65,441.65,1268,8366.05,12808500,-85500,02-MAY-2023,,25-05-2023
FUTSTK,IDEA,0.0,XX,7.0,7.0,6.8,6.95,6.95,1082,5224.17,487200000,-4690000,02-MAY-2023,,25-05-2023
FUTSTK,IDFC,0.0,XX,88.85,92.9,88.85,91.3,91.3,4336,39593.83,164980000,3270000,02-MAY-2023,,25-05-2023
FUTSTK,IDFCFIRSTB,0.0,XX,63.25,65.3,63.1,64.3,64.3,12994,125326.87,207855000,7740000,02-MAY-2023,,25-05-2023
FUTSTK,IEX,0.0,XX,157.6,158.25,155.0,155.75,155.75,2612,15308.12,40567500,1668750,02-MAY-2023,,25-05-2023
FUTSTK,IGL,0.0,XX,496.75,498.9,494.0,495.15,495.15,792,5397.0,5757125,226875,02-MAY-2023,,25-05-2023
FUTSTK,INDHOTEL,0.0,XX,341.85,352.0,341.85,349.0,349.0,6003,41923.3,24644000,-1548000,02-MAY-2023,,25-05-2023
FUTSTK,INDIACEM,0.0,XX,187.25,189.6,185.1,187.75,187.75,1560,8480.81,17347800,310300,02-MAY-2023,,25-05-2023
FUTSTK,INDIAMART,0.0,XX,5333.95,5645.65,5333.95,5631.95,5631.95,3007,24962.6,293100,7500,02-MAY-2023,,25-05-2023
FUTSTK,INDIGO,0.0,XX,2036.3,2101.65,2031.75,2082.75,2082.75,4572,28340.95,3293100,239400,02-MAY-2023,,25-05-2023
FUTSTK,INDUSINDBK,0.0,XX,1161.9,1165.5,1155.9,1157.9,1157.9,5358,27990.92,21727800,-215550,02-MAY-2023,,25-05-2023
FUTSTK,INDUSTOWER,0.0,XX,156.75,159.8,155.7,156.3,156.3,3247,14322.5,23884000,-868000,02-MAY-2023,,25-05-2023
FUTSTK,INFY,0.0,XX,1261.6,1286.55,1261.55,1282.15,1282.15,25806,132004.06,40735600,-1527200,02-MAY-2023,,25-05-2023
FUTSTK,INTELLECT,0.0,XX,446.65,458.45,445.5,451.75,451.75,724,3279.83,4380000,118000,02-MAY-2023,,25-05-2023
FUTSTK,IOC,0.0,XX,82.0,82.95,81.75,82.6,82.6,1608,12938.52,73934250,-682500,02-MAY-2023,,25-05-2023
FUTSTK,IPCALAB,0.0,XX,718.35,721.0,710.95,712.85,712.85,1341,6232.72,3554850,-109200,02-MAY-2023,,25-05-2023
FUTSTK,IRCTC,0.0,XX,623.9,634.4,621.8,630.35,630.35,4426,24316.8,12996375,291375,02-MAY-2023,,25-05-2023
FUTSTK,ITC,0.0,XX,422.0,425.95,421.05,422.85,422.85,6547,44334.37,51721600,324800,02-MAY-2023,,25-05-2023
FUTSTK,JINDALSTEL,0.0,XX,588.5,601.6,584.45,596.45,596.45,4297,31981.89,17715000,186250,02-MAY-2023,,25-05-2023
FUTSTK,JKCEMENT,0.0,XX,3013.55,3036.0,2975.45,3000.25,3000.25,589,4431.34,419500,-6750,02-MAY-2023,,25-05-2023
FUTSTK,JSWSTEEL,0.0,XX,733.15,751.0,732.1,741.95,741.95,3876,38902.64,21297600,101250,02-MAY-2023,,25-05-2023
FUTSTK,JUBLFOOD,0.0,XX,449.95,463.8,449.15,462.4,462.4,4444,25418.49,15858750,-363750,02-MAY-2023,,25-05-2023
FUTSTK,KOTAKBANK,0.0,XX,1939.95,1948.2,1906.5,1928.7,1928.7,25985,200293.45,28820000,-563200,02-MAY-2023,,25-05-2023
FUTSTK,L&TFH,0.0,XX,91.2,95.3,91.1,93.15,93.15,3903,32535.15,71856048,-464048,02-MAY-2023,,25-05-2023
FUTSTK,LALPATHLAB,0.0,XX,1927.5,1948.95,1925.1,1929.55,1929.55,874,4228.22,624000,19750,02-MAY-2023,,25-05-2023
FUTSTK,LAURUSLABS,0.0,XX,308.9,318.9,306.95,311.8,311.8,6860,23693.65,14649800,103400,02-MAY-2023,,25-05-2023
FUTSTK,LICHSGFIN,0.0,XX,347.2,359.0,346.4,357.4,357.4,3805,26975.01,15608000,528000,02-MAY-2023,,25-05-2023
FUTSTK,LT,0.0,XX,2382.3,2423.75,2382.2,2394.65,2394.65,7589,54717.69,8904300,61800,02-MAY-2023,,25-05-2023
FUTSTK,LTIM,0.0,XX,4459.15,4645.0,4441.55,4576.9,4576.9,5011,34399.47,1487100,-63000,02-MAY-2023,,25-05-2023
FUTSTK,LTTS,0.0,XX,3767.0,3815.55,3732.3,3788.85,3788.85,2281,17280.77,1208400,-14400,02-MAY-2023,,25-05-2023
FUTSTK,LUPIN,0.0,XX,715.0,720.35,708.9,712.85,712.85,1453,8830.62,6433650,68000,02-MAY-2023,,25-05-2023
FUTSTK,M&M,0.0,XX,1234.25,1248.8,1225.05,1244.45,1244.45,4769,41372.24,12870900,470400,02-MAY-2023,,25-05-2023
FUTSTK,M&MFIN,0.0,XX,264.0,278.85,261.5,268.05,268.05,8938,96910.85,23936000,596000,02-MAY-2023,,25-05-2023
FUTSTK,MANAPPURAM,0.0,XX,129.6,131.0,129.2,130.35,130.35,1197,9351.0,39456000,468000,02-MAY-2023,,25-05-2023
FUTSTK,MARICO,0.0,XX,501.05,506.0,500.3,501.85,501.85,741,4466.06,9805200,-60000,02-MAY-2023,,25-05-2023
FUTSTK,MARUTI,0.0,XX,8659.9,8879.45,8653.4,8831.3,8831.3,11382,99922.73,2273900,27000,02-MAY-2023,,25-05-2023
FUTSTK,MCDOWELL-N,0.0,XX,782.55,788.9,777.25,782.9,782.9,1974,9652.74,12310000,49375,02-MAY-2023,,25-05-2023
FUTSTK,MCX,0.0,XX,1418.25,1418.25,1397.0,1404.95,1404.95,658,3701.14,1160800,8400,02-MAY-2023,,25-05-2023
FUTSTK,METROPOLIS,0.0,XX,1263.8,1287.0,1255.35,1272.45,1272.45,931,4745.9,1301600,47200,02-MAY-2023,,25-05-2023
FUTSTK,MFSL,0.0,XX,642.0,652.8,634.45,651.0,651.0,1883,7902.75,3951350,-202800,02-MAY-2023,,25-05-2023
FUTSTK,MGL,0.0,XX,1012.2,1021.65,1007.25,1009.45,1009.45,597,4836.48,1776000,4800,02-MAY-2023,,25-05-2023
FUTSTK,MOTHERSON,0.0,XX,74.3,76.05,73.85,75.55,75.55,1786,9046.2,57118500,-1836000,02-MAY-2023,,25-05-2023
FUTSTK,MPHASIS,0.0,XX,1831.25,1887.75,1829.0,1865.8,1865.8,3406,17480.3,2439800,-87725,02-MAY-2023,,25-05-2023
FUTSTK,MRF,0.0,XX,89806.9,90000.05,88200.2,89008.8,89008.8,875,7789.74,41060,-50,02-MAY-2023,,25-05-2023
FUTSTK,MUTHOOTFIN,0.0,XX,1021.0,1034.15,1016.25,1030.65,1030.65,2537,14328.0,7250100,232650,02-MAY-2023,,25-05-2023
FUTSTK,NATIONALUM,0.0,XX,83.85,84.75,83.55,83.65,83.65,2187,13788.82,48975000,675000,02-MAY-2023,,25-05-2023
FUTSTK,NAUKRI,0.0,XX,3778.7,3826.95,3757.9,3813.3,3813.3,1656,7849.29,1373500,40000,02-MAY-2023,,25-05-2023
FUTSTK,NAVINFLUOR,0.0,XX,4837.35,4864.0,4794.05,4802.05,4802.05,1007,7279.34,494400,-8400,02-MAY-2023,,25-05-2023
FUTSTK,NESTLEIND,0.0,XX,21906.05,22159.5,21812.05,21844.65,21844.65,2627,23095.65,384120,12360,02-MAY-2023,,25-05-2023
FUTSTK,NMDC,0.0,XX,109.0,111.1,109.0,110.6,110.6,2515,12479.72,44586000,148500,02-MAY-2023,,25-05-2023
FUTSTK,NTPC,0.0,XX,173.7,177.15,173.6,176.8,176.8,3711,37155.4,73957500,3819000,02-MAY-2023,,25-05-2023
FUTSTK,OBEROIRLTY,0.0,XX,925.75,936.45,920.0,921.85,921.85,856,5550.78,6713000,39900,02-MAY-2023,,25-05-2023
FUTSTK,OFSS,0.0,XX,3624.05,3653.05,3606.0,3649.15,3649.15,895,6510.65,254400,28800,02-MAY-2023,,25-05-2023
FUTSTK,ONGC,0.0,XX,160.35,165.9,160.35,165.4,165.4,5459,34568.76,55925100,5386150,02-MAY-2023,,25-05-2023
FUTSTK,PAGEIND,0.0,XX,40444.0,40791.35,39430.05,40308.2,40308.2,4560,27423.87,122445,-14385,02-MAY-2023,,25-05-2023
FUTSTK,PEL,0.0,XX,744.6,753.35,738.0,747.15,747.15,2864,11765.76,8628400,151800,02-MAY-2023,,25-05-2023
FUTSTK,PERSISTENT,0.0,XX,4717.05,4782.7,4703.65,4730.85,4730.85,2443,20307.25,1102500,-17850,02-MAY-2023,,25-05-2023
FUTSTK,PETRONET,0.0,XX,238.7,240.55,238.0,238.65,238.65,1026,7356.79,13827000,396000,02-MAY-2023,,25-05-2023
FUTSTK,PFC,0.0,XX,170.45,176.5,170.4,174.8,174.8,5092,55059.63,61758200,5468400,02-MAY-2023,,25-05-2023
FUTSTK,PIDILITIND,0.0,XX,2430.2,2439.1,2413.5,2431.9,2431.9,1269,7709.54,2782000,-10500,02-MAY-2023,,25-05-2023
FUTSTK,PIIND,0.0,XX,3379.3,3448.0,3379.0,3416.6,3416.6,1727,14739.19,2256000,-15750,02-MAY-2023,,25-05-2023
FUTSTK,PNB,0.0,XX,52.8,53.25,52.65,53.05,53.05,3766,31915.73,223456000,144000,02-MAY-2023,,25-05-2023
FUTSTK,POLYCAB,0.0,XX,3221.65,3265.95,3208.75,3257.65,3257.65,1081,10532.88,1202400,13500,02-MAY-2023,,25-05-2023
FUTSTK,POWERGRID,0.0,XX,239.4,242.3,239.1,241.3,241.3,2015,13115.91,27518400,375300,02-MAY-2023,,25-05-2023
FUTSTK,PVR,0.0,XX,1476.05,1494.85,1459.25,1490.3,1490.3,3344,20099.35,2971507,173789,02-MAY-2023,,25-05-2023
FUTSTK,RAIN,0.0,XX,163.55,165.7,163.1,164.6,164.6,530,3052.74,11224500,-66500,02-MAY-2023,,25-05-2023
FUTSTK,RAMCOCEM,0.0,XX,741.8,747.45,734.1,744.5,744.5,841,5299.6,3579350,-24650,02-MAY-2023,,25-05-2023
FUTSTK,RBLBANK,0.0,XX,158.85,159.5,155.1,155.5,155.5,6522,51096.9,38400000,2260000,02-MAY-2023,,25-05-2023
FUTSTK,RECLTD,0.0,XX,134.0,139.25,133.35,137.4,137.4,5087,55751.69,58384000,1336000,02-MAY-2023,,25-05-2023
FUTSTK,RELIANCE,0.0,XX,2446.1,2454.55,2434.6,2450.05,2450.05,29291,179176.71,32074750,-1313750,02-MAY-2023,,25-05-2023
FUTSTK,SAIL,0.0,XX,83.45,85.8,83.4,85.15,85.15,3420,23198.12,102008000,1976000,02-MAY-2023,,25-05-2023
FUTSTK,SBICARD,0.0,XX,768.15,789.0,754.55,781.9,781.9,6822,42390.04,8100000,-1143200,02-MAY-2023,,25-05-2023
FUTSTK,SBILIFE,0.0,XX,1151.85,1163.2,1150.0,1157.05,1157.05,1487,12896.99,7416000,74250,02-MAY-2023,,25-05-2023
FUTSTK,SBIN,0.0,XX,577.65,579.0,574.65,575.65,575.65,9246,79985.71,53946000,93000,02-MAY-2023,,25-05-2023
FUTSTK,SHREECEM,0.0,XX,24335.5,24470.5,24055.0,24268.2,24268.2,1502,9104.86,325675,3025,02-MAY-2023,,25-05-2023
FUTSTK,SHRIRAMFIN,0.0,XX,1339.95,1343.45,1326.5,1331.85,1331.85,1963,15725.71,4659000,-167400,02-MAY-2023,,25-05-2023
FUTSTK,SIEMENS,0.0,XX,3429.5,3542.0,3429.5,3514.3,3514.3,2151,20785.47,1707200,-38225,02-MAY-2023,,25-05-2023
FUTSTK,SRF,0.0,XX,2548.0,2579.25,2545.2,2564.35,2564.35,952,9157.37,2582625,-3750,02-MAY-2023,,25-05-2023
FUTSTK,SUNPHARMA,0.0,XX,992.2,993.8,976.4,978.35,978.35,3542,24382.88,20721400,691600,02-MAY-2023,,25-05-2023
FUTSTK,SUNTV,0.0,XX,436.9,441.15,434.8,437.75,437.75,628,4126.29,7542000,-34500,02-MAY-2023,,25-05-2023
FUTSTK,SYNGENE,0.0,XX,679.1,702.05,679.1,697.8,697.8,1897,13214.47,2745000,77000,02-MAY-2023,,25-05-2023
FUTSTK,TATACHEM,0.0,XX,961.25,994.6,961.0,978.45,978.45,6041,29632.78,4380000,-58000,02-MAY-2023,,25-05-2023
FUTSTK,TATACOMM,0.0,XX,1272.0,1277.85,1259.25,1262.55,1262.55,749,4740.39,2018500,26500,02-MAY-2023,,25-05-2023
FUTSTK,TATACONSUM,0.0,XX,760.95,780.35,759.2,775.7,775.7,4103,28463.46,9797400,135000,02-MAY-2023,,25-05-2023
FUTSTK,TATAMOTORS,0.0,XX,485.0,487.35,476.45,482.95,482.95,11336,77850.05,55797300,1037400,02-MAY-2023,,25-05-2023
FUTSTK,TATAPOWER,0.0,XX,203.35,203.8,201.55,202.85,202.85,3436,23521.13,86521500,-145125,02-MAY-2023,,25-05-2023
FUTSTK,TATASTEEL,0.0,XX,108.95,111.6,108.95,111.05,111.05,14513,88217.62,193941000,9152000,02-MAY-2023,,25-05-2023
FUTSTK,TCS,0.0,XX,3229.2,3253.65,3226.95,3237.95,3237.95,9487,53814.76,8381450,161000,02-MAY-2023,,25-05-2023
FUTSTK,TECHM,0.0,XX,1030.05,1072.6,1029.15,1058.1,1058.1,10673,67671.76,9418200,-360000,02-MAY-2023,,25-05-2023
FUTSTK,TITAN,0.0,XX,2646.9,2692.6,2642.65,2681.5,2681.5,4443,44469.04,4869000,134625,02-MAY-2023,,25-05-2023
FUTSTK,TORNTPHARM,0.0,XX,1664.95,1668.85,1657.0,1663.4,1663.4,502,4174.55,1543000,-42500,02-MAY-2023,,25-05-2023
FUTSTK,TRENT,0.0,XX,1376.05,1446.0,1376.05,1411.3,1411.3,5097,28981.84,3543600,-75600,02-MAY-2023,,25-05-2023
FUTSTK,TVSMOTOR,0.0,XX,1146.6,1172.0,1142.0,1161.45,1161.45,4127,33550.29,7204400,457800,02-MAY-2023,,25-05-2023
FUTSTK,UBL,0.0,XX,1499.6,1499.6,1436.0,1443.65,1443.65,3360,19456.24,1635600,344400,02-MAY-2023,,25-05-2023
FUTSTK,ULTRACEMCO,0.0,XX,7550.0,7629.75,7487.8,7505.55,7505.55,7951,59897.93,1804200,113700,02-MAY-2023,,25-05-2023
FUTSTK,UPL,0.0,XX,748.0,764.7,748.0,757.45,757.45,3408,33623.21,14297400,630500,02-MAY-2023,,25-05-2023
FUTSTK,VEDL,0.0,XX,281.3,284.6,280.95,282.9,282.9,3163,17919.73,31794000,-164000,02-MAY-2023,,25-05-2023
FUTSTK,VOLTAS,0.0,XX,801.2,811.35,795.0,806.8,806.8,4630,22384.2,7948200,-156000,02-MAY-2023,,25-05-2023
FUTSTK,WHIRLPOOL,0.0,XX,1317.7,1331.9,1315.0,1322.4,1322.4,762,3527.62,759150,-16800,02-MAY-2023,,25-05-2023
FUTSTK,WIPRO,0.0,XX,389.55,393.5,388.35,390.7,390.7,5307,31134.06,25054500,-760500,02-MAY-2023,,25-05-2023
FUTSTK,ZEEL,0.0,XX,199.0,200.65,197.0,197.75,197.75,3403,20281.79,83847000,1533000,02-MAY-2023,,25-05-2023
FUTSTK,ZYDUSLIFE,0.0,XX,524.05,530.5,494.0,519.7,519.7,2005,18799.95,6489000,-9000,02-MAY-2023,,25-05-2023
